n_train	subset_id	n_test	r
100000	0	61144	6.1893e-01
100000	1	61144	6.1486e-01
100000	2	61144	6.1497e-01
50000	0	61144	6.7059e-01
50000	1	61144	6.6618e-01
50000	2	61144	6.6143e-01
50000	3	61144	6.6389e-01
50000	4	61144	6.6995e-01
50000	5	61144	6.6974e-01
20000	0	61144	7.0748e-01
20000	1	61144	7.1264e-01
20000	2	61144	7.1039e-01
20000	3	61144	7.1094e-01
20000	4	61144	7.0362e-01
20000	5	61144	7.0409e-01
20000	6	61144	6.9747e-01
20000	7	61144	7.0975e-01
20000	8	61144	7.0203e-01
20000	9	61144	7.0776e-01
10000	0	61144	7.0267e-01
10000	1	61144	7.0116e-01
10000	2	61144	7.1563e-01
10000	3	61144	6.9843e-01
10000	4	61144	6.9803e-01
10000	5	61144	7.1407e-01
10000	6	61144	6.9903e-01
10000	7	61144	7.1631e-01
10000	8	61144	7.0537e-01
10000	9	61144	6.9787e-01
5000	0	61144	7.0682e-01
5000	1	61144	6.9952e-01
5000	2	61144	7.0640e-01
5000	3	61144	6.9602e-01
5000	4	61144	6.9620e-01
5000	5	61144	7.0015e-01
5000	6	61144	6.9612e-01
5000	7	61144	6.9769e-01
5000	8	61144	6.8037e-01
5000	9	61144	7.0459e-01
